Date,h.1
2019-01-09,31.845083882364236
2019-01-10,45.23223784383019
2019-01-11,43.7693239329077
2019-01-14,48.79659488995795
2019-01-15,50.183350608655644
2019-01-16,49.022621678048
2019-01-17,47.91464175770029
2019-01-18,47.168867243195116
2019-01-22,46.45387764359256
2019-01-23,45.790486243296826
2019-01-24,44.61639754589464
2019-01-25,43.345721728674455
2019-01-28,46.89244303169238
2019-01-29,46.34821874700957
2019-01-30,46.18298381594227
2019-01-31,45.95033771937559
2019-02-01,45.450345263252096
2019-02-04,44.27498041153828
2019-02-05,42.85534837896064
2019-02-06,43.94234211728292
2019-02-07,43.30143972048807
2019-02-08,53.71807000203281
2019-02-11,53.35261651886624
2019-02-12,51.12690832588406
2019-02-13,50.158120899155044
2019-02-14,49.01594724880005
2019-02-15,47.18528106185752
2019-02-19,46.47398925871004
2019-02-20,46.66455379177254
2019-02-21,46.88346974091927
2019-02-22,46.98479435994106
2019-02-25,48.01570114038396
2019-02-26,47.509610399382524
2019-02-27,46.087920736316484
2019-02-28,44.51011112897339
2019-03-01,43.01883184992693
2019-03-04,45.16030284134384
2019-03-05,48.961596221564726
2019-03-06,47.1423029407966
2019-03-07,45.46782239633068
2019-03-08,44.475404791876656
2019-03-11,44.91680760402409
2019-03-12,43.42804961284425
2019-03-13,42.30018040246926
2019-03-14,41.4273343599668
2019-03-15,41.38509765001195
2019-03-18,40.154411019529874
2019-03-19,40.259149819509624
2019-03-20,39.468239530124585
2019-03-21,40.68604639457378
2019-03-22,39.8834533240263
2019-03-25,41.13787659015562
2019-03-26,40.52317281435239
2019-03-27,43.109527772027555
2019-03-28,42.56631966591772
2019-03-29,42.09670048640357
2019-04-01,42.56049071700805
2019-04-02,66.50919233433461
2019-04-03,65.9872218130743
2019-04-04,64.45208883340624
2019-04-05,64.72866222216156
2019-04-08,64.09783291318004
2019-04-09,63.604105217156494
2019-04-10,63.924459391194794
2019-04-11,68.46034327378518
2019-04-12,65.5494253146116
2019-04-15,65.45625581065403
2019-04-16,67.22259708797588
2019-04-17,64.12209365438899
2019-04-18,62.178702056893336
2019-04-22,61.51487705192323
2019-04-23,63.41233985500845
2019-04-24,63.46425710187786
2019-04-25,67.68006817450204
2019-04-26,66.14003828365944
2019-04-29,64.15257049448932
2019-04-30,63.91635462215619
2019-05-01,62.12703605279536
2019-05-02,61.9422937949061
2019-05-03,66.22191066869681
2019-05-06,64.41983121317139
2019-05-07,63.328079592798225
2019-05-08,64.17908259858953
2019-05-09,65.87218783132035
2019-05-10,67.58135725344414
2019-05-13,82.17420144380675
2019-05-14,80.99828065002737
2019-05-15,80.44598873035422
2019-05-16,82.13397718998804
2019-05-17,88.31059498713513
2019-05-20,87.48889880452197
2019-05-21,82.99940934465945
2019-05-22,83.95016102622516
2019-05-23,83.14634173353575
2019-05-24,80.38919988639316
2019-05-28,77.6417465918011
2019-05-29,74.69635082984051
2019-05-30,76.88320019233277
2019-05-31,77.32876152570448
2019-06-03,82.69968708327875
2019-06-04,87.63575199057536
2019-06-05,84.788216884848
2019-06-06,80.27991565397728
2019-06-07,80.09791630196527
2019-06-10,81.82088933432757
2019-06-11,78.85829612152855
2019-06-12,78.65779741119292
2019-06-13,75.797105287227
2019-06-14,80.24680245826575
2019-06-17,81.28318505570806
2019-06-18,80.85071097334892
2019-06-19,79.49155192382882
2019-06-20,79.21431588948137
2019-06-21,84.6786563774917
2019-06-24,81.94902159255396
2019-06-25,88.09320954469581
2019-06-26,98.60509796517451
2019-06-27,115.3969077413316
2019-06-28,124.51600092422441
2019-07-01,120.0023406904977
2019-07-02,115.41843010788843
2019-07-03,124.22629466547943
2019-07-05,119.65969472615377
2019-07-08,123.08215266217745
2019-07-09,118.68465889870775
2019-07-10,116.3974727612425
2019-07-11,119.34274915956203
2019-07-12,117.85196478082379
2019-07-15,119.83075257114398
2019-07-16,133.07337990367117
2019-07-17,127.77438680709217
2019-07-18,134.57277768895224
2019-07-19,127.90900311675168
2019-07-22,123.50341945234402
2019-07-23,122.30088809819011
2019-07-24,116.06386808479158
2019-07-25,110.15057648176216
2019-07-26,104.17974859827862
2019-07-29,98.59141714470101
2019-07-30,93.94097043410228
2019-07-31,95.94915970047828
2019-08-01,94.93456852060213
2019-08-02,90.91390310840063
2019-08-05,97.13048637343509
2019-08-06,95.74746526215499
2019-08-07,96.17857342268249
2019-08-08,90.57449591469513
2019-08-09,86.84302666346295
2019-08-12,83.9479122454219
2019-08-13,85.92983759346855
2019-08-14,93.21429611017382
2019-08-15,91.59882535029554
2019-08-16,87.00663111934739
2019-08-19,90.3841043705652
2019-08-20,87.46873310321298
2019-08-21,91.55330107477862
2019-08-22,86.56067578083996
2019-08-23,85.7114906108181
2019-08-26,84.2420207891653
2019-08-27,82.40274509610276
2019-08-28,84.44062037624401
2019-08-29,83.66871321640774
2019-08-30,80.21599023218127
2019-09-03,79.78703994673663
2019-09-04,76.04457922560023
2019-09-05,72.46339780971945
2019-09-06,72.04666517635357
2019-09-09,70.03591349056653
2019-09-10,69.84127452006159
2019-09-11,67.01322871405085
2019-09-12,67.02672393254825
2019-09-13,64.61272715197639
2019-09-16,62.70413278455328
2019-09-17,60.44415846023061
2019-09-18,58.476683630550276
2019-09-19,56.6454938744026
2019-09-20,55.58753338622098
2019-09-23,58.484365790992214
2019-09-24,73.94706851148656
2019-09-25,72.57945471589447
2019-09-26,75.56902430334172
2019-09-27,73.8906130835377
2019-09-30,73.44973429884095
2019-10-01,70.2976891369239
2019-10-02,67.40061290139418
2019-10-03,66.6137912530361
2019-10-04,64.49798435105151
2019-10-07,66.18481704255633
2019-10-08,63.43487826908128
2019-10-09,67.10897608506832
2019-10-10,64.14180079426224
2019-10-11,65.88545316799214
2019-10-14,63.42082289786046
2019-10-15,63.611910204815985
2019-10-16,63.639558441179425
2019-10-17,61.44382730604726
2019-10-18,61.17807518950619
2019-10-21,58.48520692941493
2019-10-22,59.05256378610868
2019-10-23,67.26948547423576
2019-10-24,64.54736397529565
2019-10-25,84.28519585852415
2019-10-28,84.42456429109785
2019-10-29,82.3732445116278
2019-10-30,81.54137574378807
2019-10-31,77.35143604082562
2019-11-01,74.00113615262241
2019-11-04,72.8926125075614
2019-11-05,70.40563996276279
2019-11-06,66.8634426510006
2019-11-07,65.23832202295229
2019-11-08,69.83682162887506
2019-11-11,71.43509466472565
2019-11-12,68.54859273588686
2019-11-13,65.43017784035914
2019-11-14,64.13020179631012
2019-11-15,64.95997124154906
2019-11-18,66.71310863056202
2019-11-19,65.46560997406587
2019-11-20,65.7308054561057
2019-11-21,69.97502413693392
2019-11-22,73.4730799651814
2019-11-25,71.58095163264478
2019-11-26,69.23715444289373
2019-11-27,72.26171479916903
2019-11-29,74.51317059735327
2019-12-02,72.8425535645699
2019-12-03,69.29147117258708
2019-12-04,67.37165095287313
2019-12-05,68.02565762033025
2019-12-06,66.46403800780196
2019-12-09,66.62003723803076
2019-12-10,66.00692727219642
2019-12-13,63.08982197429886
2019-12-16,64.90364539821087
2019-12-17,68.31838249795966
2019-12-18,79.24585675883178
2019-12-19,76.6529169040138
2019-12-20,72.64809433189419
2019-12-23,72.17857726596654
2019-12-24,69.31069487153847
2019-12-26,66.74427309051265
2020-01-07,71.0940329820395
2020-01-08,69.17307749238122
2020-01-09,69.60209313801009
2020-01-10,71.53516951026636
2020-01-13,68.92666208715555
2020-01-14,78.06328745969257
2020-01-15,74.40278176479394
2020-01-16,72.09313879205152
2020-01-17,71.8160656378243
2020-01-21,69.46677121967623
2020-01-22,67.25387018212376
2020-01-23,68.86538591374045
2020-01-24,65.87149249793151
2020-01-27,68.09268258337212
2020-01-28,72.2721925617683
2020-01-29,69.3944169430069
2020-01-30,68.88446465478732
2020-01-31,68.1002954452933
2020-02-03,65.70072207811347
2020-02-04,64.48963169208301
2020-02-05,68.46210925977518
2020-02-06,66.68490220844748
2020-02-07,64.2109072231186
2020-02-10,65.16922852444432
2020-02-11,67.333876043011
2020-02-12,65.5584271538339
2020-02-13,64.16479275778308
2020-02-14,62.332640159399595
2020-02-18,66.40647517340497
2020-02-19,70.9458176308783
2020-02-20,67.89316616948096
2020-02-21,65.53060591989816
2020-02-24,66.6769259248349
2020-02-25,68.38989073598607
2020-02-26,73.65069888853203
2020-02-27,70.60267828199977
2020-02-28,69.09318427579441
2020-03-02,70.97358978422999
2020-03-03,68.90749256167406
2020-03-04,66.184664331306
2020-03-05,68.46440328855454
2020-03-06,65.53347105626203
2020-03-09,65.93743910143812
2020-03-10,63.16501634003053
2020-03-11,60.324039006866535
2020-03-12,126.47751162001502
2020-03-13,136.1062717016271
2020-03-16,138.16891266875618
2020-03-17,135.44560516872554
2020-03-18,126.74468018882817
2020-03-19,145.04381496970274
2020-03-20,135.46154881084763
2020-03-23,141.66719754374668
2020-03-24,139.81212951362892
2020-03-25,132.01707420424748
2020-03-26,124.04467676589992
2020-03-27,121.86759488010296
2020-03-30,127.00904269638764
2020-03-31,118.857492866021
2020-04-01,115.21836190136273
2020-04-02,112.20938421812139
2020-04-03,106.76893151766939
2020-04-06,110.9082801518058
2020-04-07,106.20782646340493
2020-04-08,102.94131585924697
2020-04-09,97.57669869216807
2020-04-13,94.69594267090154
2020-04-14,89.40463772101694
2020-04-15,88.87749377163918
2020-04-16,94.56030362656007
2020-04-17,89.65265385249207
2020-04-20,91.175406375153
2020-04-21,86.14628213087794
2020-04-22,86.42999613383009
2020-04-23,88.14811725401141
2020-04-24,85.44806386611161
2020-04-27,82.77040956424834
2020-04-28,78.16560027269385
2020-04-29,92.82676466785439
2020-04-30,90.04357585542643
2020-05-01,88.36630289237368
2020-05-04,83.33702611042646
2020-05-05,80.05246507412134
2020-05-06,80.0655917273042
2020-05-07,86.78467609062658
2020-05-08,83.70059112732773
2020-05-11,81.87330992167115
2020-05-12,80.81428379730097
2020-05-13,84.34988423865966
2020-05-14,87.16841576495293
2020-05-15,88.72059058353115
2020-05-18,84.30996437368422
2020-05-19,79.76097759269736
2020-05-20,78.78178995874214
2020-05-21,81.73169499995231
2020-05-22,78.72749875555043
2020-05-26,75.86384586997362
2020-05-27,77.7039167374356
2020-05-28,79.14823178501658
2020-05-29,76.40341575495113
2020-06-01,83.56331842520052
2020-06-02,88.68838308517445
2020-06-03,85.4739044198968
2020-06-04,82.76800424372972
2020-06-05,80.43362592019153
2020-06-08,76.04277278934651
2020-06-09,72.1285402665921
2020-06-10,69.34263768259589
2020-06-11,74.48947466675794
2020-06-12,73.00750169161824
2020-06-15,70.02624115433623
2020-06-16,67.67017031188998
2020-06-17,65.39680712284121
2020-06-18,63.479139538293204
2020-06-19,62.6033654082883
2020-06-20,60.13625457444399
2020-06-21,58.02663488641659
2020-06-22,60.9848212600117
2020-06-23,58.64361068527638
2020-06-24,61.13402826909315
2020-06-25,59.26529546469994
2020-06-26,58.40571870877266
2020-06-27,57.889011553414186
2020-06-28,56.765588399088976
2020-06-29,54.83173270971592
2020-06-30,53.54656629252564
2020-07-01,52.6193941625541
2020-07-02,52.350318128026665
2020-07-03,50.99830672728519
2020-07-04,49.49734509796715
2020-07-05,48.739740209775306
2020-07-06,51.84982950511484
2020-07-07,51.907977788078256
2020-07-08,52.55228867995296
2020-07-09,52.97529578906304
2020-07-10,50.97309328202652
2020-07-11,49.75980074441998
2020-07-12,48.19003514363028
2020-07-13,47.111725478761336
2020-07-14,45.6013876804855
2020-07-15,45.014525898447914
2020-07-16,44.64497956819751
2020-07-17,43.19814269006003
2020-07-18,41.87293418541048
2020-07-19,40.780711549517456
2020-07-20,40.121635390805935
2020-07-21,42.33410259962668
2020-07-22,43.28182600534765
2020-07-23,42.54131081753161
2020-07-24,42.07609499926348
2020-07-25,42.83255143516006
2020-07-26,44.917220976308684
2020-07-27,59.72631185564574
2020-07-28,58.24801715103947
2020-07-29,58.09425349398812
2020-07-30,55.55020584420359
2020-07-31,55.91291825506968
2020-08-01,59.26036118014668
2020-08-02,65.92234945597829
2020-08-03,65.18864209182897
2020-08-04,62.74953819792895
2020-08-05,67.04286732469971
2020-08-06,63.90264321632172
2020-08-07,63.28984448115245
2020-08-08,62.09394870264913
2020-08-09,60.3596253952535
2020-08-10,60.057499668053666
2020-08-11,63.43836025881814
2020-08-12,62.56654016488205
2020-08-13,62.06511953214497
2020-08-14,59.53622362001325
2020-08-15,57.864394735807444
2020-08-16,55.382876729561836
2020-08-17,57.52071195965122
2020-08-18,58.37678758490785
2020-08-19,58.85460286211212
2020-08-20,57.551922819803906
2020-08-21,58.79778466648813
2020-08-22,57.102843364297044
2020-08-23,54.99682790267018
2020-08-24,53.87745463928208
2020-08-25,57.03779107416646
2020-08-26,55.96683445465174
2020-08-27,55.87633204038922
2020-08-28,56.25148871770006
2020-08-29,54.45622538638843
2020-08-30,54.70025154453274
2020-08-31,52.960587946402136
2020-09-01,54.42190912392342
2020-09-02,59.356677454513836
2020-09-03,72.83106488507893
2020-09-04,72.88201204530549
2020-09-05,74.18604591248238
2020-09-06,71.75661290493434
2020-09-07,69.17228564852152
2020-09-08,69.31429780044395
2020-09-09,67.28428015016254
2020-09-10,65.55257791726524
2020-09-11,62.66881849558995
2020-09-12,60.0683523429306
2020-09-13,59.1952697584941
2020-09-14,61.67335734295865
2020-09-15,60.24775154283196
2020-09-16,59.82099653148485
2020-09-17,57.630691079016756
2020-09-18,55.326580188130116
2020-09-19,54.855703005458565
2020-09-20,54.81093849743273
2020-09-21,59.25493023542015
2020-09-22,57.456120112691096
2020-09-23,59.26638824094323
2020-09-24,64.1238284499724
2020-09-25,62.166107297466816
2020-09-26,59.83795610438971
2020-09-27,57.197362077794466
2020-09-28,55.77204340152749
2020-09-29,55.09516613211864
2020-09-30,53.758291666977264
2020-10-01,53.98731518998721
2020-10-02,52.52379273184978
2020-10-03,50.94442456340991
2020-10-04,50.4660046512839
2020-10-05,50.05765714303563
2020-10-06,50.91561557559695
2020-10-07,49.59858255378359
2020-10-08,51.06960200146992
2020-10-09,50.93289270626749
2020-10-10,51.958079419034576
2020-10-11,50.82455051202188
2020-10-12,50.929214829136434
2020-10-13,50.77152907897735
2020-10-14,48.91344893303617
2020-10-15,47.70560699670333
2020-10-16,48.38676968781896
2020-10-17,46.810589788796435
2020-10-18,46.6063584781094
2020-10-19,48.224833690570826
2020-10-20,48.508444986483084
2020-10-21,58.13692007071775
2020-10-22,57.03044651677351
2020-10-23,55.10753110363539
2020-10-24,54.64910016375895
2020-10-25,53.39563224826096
2020-10-26,51.44874945677686
2020-10-27,56.0397555845674
2020-10-28,58.0113852312933
2020-10-29,57.14615770684652
2020-10-30,55.64412458020366
2020-10-31,55.71787126612079
2020-11-01,53.97999700112255
2020-11-02,53.93331441092023
2020-11-03,56.04835829048248
2020-11-04,55.43482515281247
2020-11-05,68.34411505903427
2020-11-06,65.25062671972708
2020-11-07,69.39882179175616
2020-11-08,72.43097744150711
2020-11-09,70.28946756144094
2020-11-10,67.30672917073142
2020-11-11,67.93134208107955
2020-11-12,70.01964276243625
2020-11-13,66.60145431113946
2020-11-14,65.79604867544907
2020-11-15,63.8146760461001
2020-11-16,67.92703405945885
2020-11-17,72.91240251695989
2020-11-18,70.28414387409795
2020-11-19,66.79315808160767
2020-11-20,70.27996567030381
2020-11-21,66.73191832518789
2020-11-22,65.81127255078455
2020-11-23,62.83640006041942
2020-11-24,65.92803621176522
2020-11-25,65.83065915781124
2020-11-26,75.85249095403599
2020-11-27,72.38639820660283
2020-11-28,73.9581537636338
2020-11-29,73.91113181940112
2020-11-30,82.01821043260952
2020-12-01,84.02584268107232
2020-12-02,82.41999003338823
2020-12-03,79.61651520915333
2020-12-04,81.26567886585951
2020-12-05,80.37108771729665
2020-12-06,77.29705291544666
2020-12-07,74.52828565502655
2020-12-08,77.66958232117416
2020-12-09,75.2456396056698
2020-12-10,73.78510768645272
2020-12-11,71.79919548738962
2020-12-12,74.28619319000265
2020-12-13,72.96976154331112
2020-12-14,69.77527311446619
2020-12-15,67.37852369659066
2020-12-16,78.62916695461779
2020-12-17,84.93793464223567
2020-12-18,82.22633190327522
2020-12-19,82.39294358195161
2020-12-20,80.48817400688755
2020-12-21,80.59386433418905
2020-12-22,82.63860991247589
2020-12-23,81.66917727232718
2020-12-24,80.27016322412658
2020-12-25,81.75149982355806
2020-12-26,88.06552946807746
2020-12-27,84.17615684615515
2020-12-28,84.0767364795327
2020-12-29,80.74933068519042
2020-12-30,84.46642802943686
2020-12-31,80.36662848386572
2021-01-01,77.74709767091733
2021-01-02,87.61007743247872
2021-01-03,85.59177255147361
2021-01-04,84.67787510358771
2021-01-05,89.4610740504577
2021-01-06,96.8527023395082
2021-01-07,101.54872051295983
2021-01-08,100.87080952819657
2021-01-09,97.00791648186957
2021-01-10,98.61775126878989
2021-01-11,104.12286337245703
2021-01-12,105.01434465002134
2021-01-13,113.60043016303837
2021-01-14,114.0811655460411
2021-01-15,116.36724167928944
2021-01-16,111.89735078483154
2021-01-17,106.75483556825839
2021-01-18,103.67281309051994
2021-01-19,99.88205743890164
2021-01-20,96.27309768370752
2021-01-21,111.87842877828407
2021-01-22,115.59833367841443
2021-01-23,112.83245816392663
2021-01-24,106.66169469307316
2021-01-25,100.26760503311348
2021-01-26,95.00868467940683
2021-01-27,99.67446374539001
2021-01-28,108.63943262541531
2021-01-29,105.71310108970519
2021-01-30,99.6805273299103
2021-01-31,99.00294634209081
2021-02-01,94.87145652197545
2021-02-02,98.17718208874064
2021-02-03,100.67465638059078
2021-02-04,97.01659536018964
2021-02-05,96.20298043608776
2021-02-06,94.8996499389684
2021-02-07,90.90755672214499
2021-02-08,112.84520318423561
2021-02-09,106.55390355957529
2021-02-10,105.31020121373224
2021-02-11,108.94144740828857
2021-02-12,103.7008186089476
2021-02-13,98.87667731348576
2021-02-14,98.10258620402355
2021-02-15,94.84380599732599
2021-02-16,93.14717281456731
2021-02-17,96.75882442946121
2021-02-18,92.58179688783206
2021-02-19,99.44478682469641
2021-02-20,93.85420607589901
2021-02-21,92.1600818029362
2021-02-22,95.84080159733523
2021-02-23,105.86915618271108
2021-02-24,102.01447370828353
2021-02-25,104.05972467072199
2021-02-26,100.34557256642724
2021-02-27,95.02673450112286
2021-02-28,93.05566182736369
2021-03-01,102.53448150155369
2021-03-02,100.33529263267599
2021-03-03,101.04434094100134
2021-03-04,101.08767434994668
2021-03-05,95.96159336080292
2021-03-06,90.55710365992482
2021-03-07,92.40076853003376
2021-03-08,89.98526353005339
2021-03-09,92.24508219729964
2021-03-10,90.04512765156427
2021-03-11,89.65128725844166
2021-03-12,85.92500235758664
2021-03-13,91.3601686792175
2021-03-14,91.04380854210342
2021-03-15,94.70964946134492
2021-03-16,91.44162350481463
2021-03-17,91.59839717880799
2021-03-18,89.06454386179868
2021-03-19,85.04745459671666
2021-03-20,80.56023264365017
2021-03-21,78.36852225233788
2021-03-22,82.24163252939482
2021-03-23,78.0464335173539
2021-03-24,79.44519493384479
2021-03-25,78.35512227509408
2021-03-26,84.12787568727352
2021-03-27,81.57161093749296
2021-03-28,77.34069873781999
2021-03-29,77.98278254849696
2021-03-30,76.71391685179037
2021-03-31,72.81106335067044
2021-04-01,69.24080177873259
2021-04-02,66.25679993561127
2021-04-03,67.7007980185948
2021-04-04,67.23289733709524
2021-04-05,64.44427047926261
2021-04-06,63.71568960048517
2021-04-07,66.41272210284728
2021-04-08,69.2335874098471
2021-04-09,66.13617070687302
2021-04-10,66.81448345116486
2021-04-11,64.34402690543463
2021-04-12,62.20717803546242
2021-04-13,68.35977317790059
2021-04-14,66.05230092021435
2021-04-15,63.063399893882035
2021-04-16,64.38685207092671
2021-04-17,63.63021206004853
2021-04-18,72.09390695887842
2021-04-19,69.8657659492122
2021-04-20,68.18549572223883
2021-04-21,71.85242499496886
2021-04-22,74.34591903002365
2021-04-23,72.55947624244315
2021-04-24,72.0437338561277
2021-04-25,71.64528091125413
2021-04-26,83.25968727710192
2021-04-27,81.33178068424101
2021-04-28,77.62118348762068
2021-04-29,77.11341571279593
2021-04-30,84.76335125052313
2021-05-01,80.01600134719973
2021-05-02,78.94366179666032
2021-05-03,75.9980377285269
2021-05-04,82.50779162136989
2021-05-05,89.48095338020904
2021-05-06,87.22346185240508
2021-05-07,84.70950077425181
2021-05-08,83.68284090441328
2021-05-09,80.66613228293444
2021-05-10,82.59996330195699
2021-05-11,80.16000872191275
2021-05-12,97.1275209528037
2021-05-13,92.94822506487293
2021-05-14,87.80480823828151
2021-05-15,92.56609512293898
2021-05-16,88.35495045911195
2021-05-17,93.11413919526801
2021-05-18,90.04306530210523
2021-05-19,106.97510079565457
2021-05-20,115.71244096668106
2021-05-21,121.85655776300449
2021-05-22,114.84864559790037
2021-05-23,119.19961879647224
2021-05-24,128.5416171259833
2021-05-25,121.63430280661022
2021-05-26,117.32179228969723
2021-05-27,113.41477139128901
2021-05-28,117.4952325113884
2021-05-29,114.86224308195806
2021-05-30,112.25428320745691
2021-05-31,112.27067356166162
2021-06-01,108.09746488622392
2021-06-02,105.03710838576113
2021-06-03,105.19062569100466
2021-06-04,107.9963383460308
2021-06-05,107.0597305730416
2021-06-06,101.64166731071812
2021-06-07,105.54544346315241
2021-06-08,99.71290268456539
2021-06-09,110.98340440377048
2021-06-10,106.89118744989369
2021-06-11,102.82421991450359
2021-06-12,104.05507833109694
2021-06-13,112.67320445354355
2021-06-14,109.92823815735852
2021-06-15,103.63472363656444
2021-06-16,105.30361110780514
2021-06-17,100.23847187513044
2021-06-18,103.52588049338142
2021-06-19,98.17723906807726
2021-06-20,92.45494188731642
2021-06-21,104.96501573323701
2021-06-22,102.45317952981885
2021-06-23,101.88993319598754
2021-06-24,99.88804034038964
2021-06-25,107.62634643264069
2021-06-26,103.51946421759077
2021-06-27,108.77706644494147
2021-06-28,103.21760478305603
2021-06-29,103.234658057458
2021-06-30,100.64932107174417
2021-07-01,101.15516233011977
2021-07-02,96.3623590595168
2021-07-03,94.01153721624087
2021-07-04,91.08313757519723
2021-07-05,92.63372296542866
2021-07-06,89.28729023556828
2021-07-07,86.02527959886866
2021-07-08,85.71087310748045
2021-07-09,85.03416898207475
2021-07-10,81.68364602525472
2021-07-11,80.31291130014729
2021-07-12,80.8827514963782
2021-07-13,78.68551266097198
2021-07-14,74.7498573907718
2021-07-15,75.77771148698244
2021-07-16,73.63421243773747
2021-07-17,70.08455963051844
2021-07-18,67.58513130865414
2021-07-19,69.04531720093571
2021-07-20,70.69351552761711
2021-07-21,78.7036196498353
2021-07-22,75.18357651012924
2021-07-23,77.0932649747116
2021-07-24,76.04513749260259
2021-07-25,76.58765236192306
2021-07-26,80.97047107711118
2021-07-27,84.88022856092701
2021-07-28,82.22876716483995
2021-07-29,77.83850703479483
2021-07-30,82.03705320720292
2021-07-31,79.8578759953941
2021-08-01,81.6915003313139
2021-08-02,80.278567811463
2021-08-03,80.10302676157036
2021-08-04,82.00625737192313
2021-08-05,81.6631066040641
2021-08-06,84.33438927576117
2021-08-07,85.71737034270183
2021-08-08,83.62924290976434
2021-08-09,87.80728935357041
2021-08-10,85.52466941181201
2021-08-11,80.8874155653099
2021-08-12,80.48082973950044
2021-08-13,87.47540816388616
2021-08-14,84.87986881135083
2021-08-15,80.47936163468698
2021-08-16,79.59042359484862
2021-08-17,79.72862376850246
2021-08-18,75.50012797961632
2021-08-19,77.92450398290877
2021-08-20,82.18411740124529
2021-08-21,79.1494975166463
2021-08-22,75.94330293069962
2021-08-23,72.3671803470746
2021-08-24,74.4144291791775
2021-08-25,74.38249017378864
2021-08-26,76.89716121224515
2021-08-27,79.5626249849517
2021-08-28,75.90514502373026
2021-08-29,72.28991340229123
2021-08-30,74.22206671136692
2021-08-31,70.43787404804664
2021-09-01,72.17087366997087
2021-09-02,69.73723780503913
2021-09-03,68.17858347926595
2021-09-04,65.20469669640804
2021-09-05,67.45002255258257
2021-09-06,66.52577418710227
2021-09-07,80.7847928952051
2021-09-08,78.8487512426268
2021-09-09,75.34970350994143
2021-09-10,76.44547283438908
2021-09-11,73.22960380145808
2021-09-12,72.1632345981279
2021-09-13,72.20501156462261
2021-09-14,75.59524899786692
2021-09-15,74.95624424029634
2021-09-16,72.40917893906983
2021-09-17,70.46108553308821
2021-09-18,69.98075151382015
2021-09-19,69.77528634434766
2021-09-20,80.94415396241017
2021-09-21,84.31874312674562
2021-09-22,90.26802585689501
2021-09-23,89.58204308768022
2021-09-24,91.57700406209044
2021-09-25,86.90619918748224
2021-09-26,83.55105124999389
2021-09-27,82.46854299969652
2021-09-28,82.37253385160464
2021-09-29,79.60252588177471
2021-09-30,83.34128601945925
2021-10-01,93.49155386943195
2021-10-02,89.49236387450792
2021-10-03,85.72697956483674
2021-10-04,83.63483956680003
2021-10-05,86.34056131695922
2021-10-06,92.70439205746366
2021-10-07,91.73201525376865
2021-10-08,86.63916800118562
2021-10-09,84.41018832120182
2021-10-10,80.420630152664
2021-10-11,83.48117547854841
2021-10-12,82.7983271095327
2021-10-13,81.77494542598176
2021-10-14,77.67267096470097
2021-10-15,84.71411784966561
2021-10-16,81.86481591845421
2021-10-17,78.8122329511083
2021-10-18,75.50107013759077
2021-10-19,76.891570261566
2021-10-20,76.75886245493052
2021-10-21,81.58548847093847
2021-10-22,80.94677314792915
2021-10-23,78.07763018051571
2021-10-24,75.18693814974428
2021-10-25,76.38132390429362
2021-10-26,78.92362758105234
2021-10-27,79.52884089238974
2021-10-28,80.67829272938836
2021-10-29,80.17148541956384
2021-10-30,76.80136997295821
2021-10-31,74.26252398461435
2021-11-01,71.32053923143404
2021-11-02,73.10549956091377
2021-11-03,70.09691166405739
2021-11-04,70.33828538155063
2021-11-05,67.73962568930149
2021-11-06,65.14510904702321
2021-11-07,66.31745317375686
2021-11-08,73.14194854368044
2021-11-09,70.83773084280534
2021-11-10,71.84166138472105
2021-11-11,68.43698163150094
2021-11-12,67.0226036370556
2021-11-13,64.21812497760277
2021-11-14,63.31256199769926
2021-11-15,64.86831498830634
2021-11-16,70.04507419535734
2021-11-17,66.76645795938492
2021-11-18,72.3082436046852
2021-11-19,71.56848326402066
2021-11-20,71.89701598659028
2021-11-21,70.799495131886
2021-11-22,73.65472304414013
2021-11-23,73.12828718811986
2021-11-24,72.86525582302569
2021-11-25,71.60864456837602
2021-11-26,78.01035869404865
2021-11-27,77.2129922354652
2021-11-28,79.7469648789312
2021-11-29,76.68884332058971
2021-11-30,74.85496274509666
2021-12-01,71.2686198896015
2021-12-02,69.76335317735514
2021-12-03,74.16282590990912
2021-12-04,83.1297704618229
2021-12-05,78.79463941308084
2021-12-06,78.14305952627032
2021-12-07,74.0349488198398
2021-12-08,70.92143113009615
2021-12-09,76.02484851953471
2021-12-10,73.51673878494874
2021-12-11,76.41934747275856
2021-12-12,74.44291167206883
2021-12-13,80.99618684313954
2021-12-14,77.14704383316555
2021-12-15,80.38965386703505
2021-12-16,79.96580285556904
2021-12-17,80.41556450491865
2021-12-18,77.9739786051411
2021-12-19,74.4207595393654
2021-12-20,70.83326031160277
2021-12-21,73.79994426750712
2021-12-22,71.06867183390278
2021-12-23,74.08878144186033
2021-12-24,70.29051218514427
2021-12-25,68.05385476429504
2021-12-26,65.58550565571328
2021-12-27,63.07449879618134
2021-12-28,69.46484675452348
2021-12-29,69.74778640832271
2021-12-30,68.44761263738859
2021-12-31,67.97136127549074
2022-01-01,69.00338398678878
2022-01-02,66.78742819253964
2022-01-03,66.48409910147274
2022-01-04,65.20305954147135
2022-01-05,69.93043978097704
2022-01-06,67.96837098421578
2022-01-07,70.37022167014271
2022-01-08,67.1925818351922
2022-01-09,64.27410707488592
2022-01-10,61.694776710813855
2022-01-11,61.9958053168094
2022-01-12,63.28852319026707
2022-01-13,65.10990699032406
2022-01-14,63.57488341410868
2022-01-15,60.55685656417123
2022-01-16,58.175398062631686
2022-01-17,58.75959983832719
2022-01-18,56.31372112456119
2022-01-19,56.27610897624289
2022-01-20,57.8398632998275
2022-01-21,71.6700179550924
2022-01-22,74.0818112702717
2022-01-23,75.51519875011276
2022-01-24,72.90179848744629
2022-01-25,70.14573369159645
2022-01-26,67.18286993911238
2022-01-27,64.82195986092029
2022-01-28,64.17068678907938
2022-01-29,62.30584915224301
2022-01-30,60.42372977119434
2022-01-31,59.73633270892115
2022-02-01,57.81576847732521
2022-02-02,62.434543847667676
2022-02-03,60.08973017800405
2022-02-04,74.7343849833108
2022-02-05,71.20671602886347
2022-02-06,70.98687842938283
2022-02-07,72.37314933836177
2022-02-08,69.36931859041161
2022-02-09,66.39286272462215
2022-02-10,65.92736597224909
2022-02-11,66.8774452768607
2022-02-12,64.34059117530111
2022-02-13,61.601243783640165
2022-02-14,59.92161375667763
2022-02-15,64.19832911992506
2022-02-16,63.355165794004435
2022-02-17,72.52281190349764
2022-02-18,70.82180012917587
2022-02-19,67.2960369609183
2022-02-20,70.5220518706457
2022-02-21,72.43372072443876
2022-02-22,73.54744945214239
2022-02-23,73.77496714478661
2022-02-24,74.0244268370705
2022-02-25,73.50930790503335
2022-02-26,70.27926166399857
2022-02-27,72.27122119813782
2022-02-28,89.95020033054874
2022-03-01,88.75905350370454
2022-03-02,85.33190174468399
2022-03-03,85.78068328315639
2022-03-04,93.17288675561684
2022-03-05,88.55392069172055
2022-03-06,87.42823494870032
2022-03-07,84.05004195718801
2022-03-08,81.90459748735155
2022-03-09,89.97471059468683
2022-03-10,94.25783102108056
2022-03-11,91.37473667018975
2022-03-12,86.2791793265971
2022-03-13,85.67271065318408
2022-03-14,88.07759167497856
2022-03-15,84.49066375653811
2022-03-16,86.66713609650185
2022-03-17,82.65961109838213
2022-03-18,81.0978988843593
2022-03-19,77.8628131475658
2022-03-20,77.21293038258091
2022-03-21,73.8829681871705
2022-03-22,74.65149510866502
2022-03-23,72.45555457595181
2022-03-24,72.36307639550847
2022-03-25,69.75264374781493
2022-03-26,66.49641291525167
2022-03-27,71.0715787987941
2022-03-28,68.20793180379401
2022-03-29,65.66974046326311
2022-03-30,63.92020363924219
2022-03-31,65.9188211827979
2022-04-01,65.00928615149888
2022-04-02,63.376377283544784
2022-04-03,62.1095247576684
2022-04-04,59.50218787934433
2022-04-05,60.411040130828205
2022-04-06,65.6542879176452
2022-04-07,63.27573943785094
2022-04-08,64.65121780766565
2022-04-09,63.115678852951795
2022-04-10,62.30988817814034
2022-04-11,69.29358136189921
2022-04-12,67.95510503812875
2022-04-13,68.38191357203904
2022-04-14,69.64363820944652
2022-04-15,68.30192602362264
2022-04-16,65.55032616852698
2022-04-17,65.16066701266818
2022-04-18,66.12708597232233
2022-04-19,65.24100870774875
2022-04-20,62.72286893220241
2022-04-21,63.0085290098185
2022-04-22,63.11244095142458
2022-04-23,61.25429748865948
2022-04-24,58.664275354479635
2022-04-25,59.706929720116634
2022-04-26,65.99097430352363
2022-04-27,67.13116504417354
2022-04-28,65.69284244278585
2022-04-29,67.07314859752476
2022-04-30,67.41792212994997
2022-05-01,66.96543817097029
2022-05-02,63.63665102023225
2022-05-03,63.809964066534754
2022-05-04,68.5214718897684
2022-05-05,77.40023507327312
2022-05-06,75.62116868396396
2022-05-07,74.0376190439622
2022-05-08,76.48884517033015
2022-05-09,89.91948884083135
2022-05-10,88.27485200968776
2022-05-11,93.74199423830369
2022-05-12,88.62126283231305
2022-05-13,84.58799354046953
2022-05-14,83.99197652675667
2022-05-15,85.30595862526293
2022-05-16,87.68981141644346
2022-05-17,85.42552315616473
2022-05-18,89.35650620763586
2022-05-19,92.60302997332221
2022-05-20,92.95924412287083
2022-05-21,88.54902739165587
2022-05-22,87.99885331812696
2022-05-23,89.28821210167722
2022-05-24,86.93907764389057
2022-05-25,82.68153846604017
2022-05-26,79.78509177699125
2022-05-27,78.90613775021654
2022-05-28,75.40787664215159
2022-05-29,74.60976014640796
2022-05-30,82.32981624901477
2022-05-31,77.84568314023406
2022-06-01,83.43069321669876
2022-06-02,82.06950686538941
2022-06-03,81.48988754668115
2022-06-04,77.43144716858313
2022-06-05,73.4045093878786
2022-06-06,76.9409832596491
2022-06-07,74.04076228729129
2022-06-08,74.89253634581344
2022-06-09,71.64107895087102
2022-06-10,73.2878976696958
2022-06-11,73.386867251721
2022-06-12,78.33313664169135
2022-06-13,100.04528255013241
2022-06-14,96.12400810196752
2022-06-15,92.80915018182506
2022-06-16,102.71584501689203
2022-06-17,96.96136291892883
2022-06-18,102.32648082153558
2022-06-19,108.30397081680151
2022-06-20,101.75629378809428
2022-06-21,96.23545296657808
2022-06-22,96.02344761692278
2022-06-23,98.65375549390626
2022-06-24,93.62434092321287
2022-06-25,89.92281733016452
2022-06-26,88.26353927887521
2022-06-27,85.50063863412187
2022-06-28,84.17362988641618
2022-06-29,80.96668032483603
2022-06-30,79.09215184927992
2022-07-01,78.90432627604275
2022-07-02,75.03622583808087
2022-07-03,71.26216837719485
2022-07-04,74.88858372576767
2022-07-05,71.43665728065122
2022-07-06,70.30633951134449
2022-07-07,74.70945381720377
2022-07-08,71.19623041694102
2022-07-09,68.68891323265022
2022-07-10,70.5342530040923
2022-07-11,73.57965644143667
2022-07-12,74.8002468823183
2022-07-13,77.76827310117994
2022-07-14,76.1229639821755
2022-07-15,73.8623760073745
2022-07-16,72.41918440145511
2022-07-17,71.7615800461047
2022-07-18,80.40213878988772
2022-07-19,82.03565118732303
2022-07-20,78.70779731596646
2022-07-21,75.07510240906174
2022-07-22,74.20619359771189
2022-07-23,72.14161859711815
2022-07-24,69.16452009785212
2022-07-25,74.26652810115664
2022-07-26,71.41031306776684
2022-07-27,79.70791211678525
2022-07-28,81.34181975411542
2022-07-29,77.31292905127482
2022-07-30,74.28978509112385
2022-07-31,72.59491350269715
2022-08-01,69.17045752093523
2022-08-02,68.02533947674644
2022-08-03,65.67440970749972
2022-08-04,64.06522899015012
2022-08-05,65.3002699724249
2022-08-06,64.41720719225586
2022-08-07,62.529631570012945
2022-08-08,63.61607570012278
2022-08-09,64.83356070583878
2022-08-10,66.73842362903889
2022-08-11,63.58050362064646
2022-08-12,63.21581304980734
2022-08-13,60.27380701040128
2022-08-14,58.33298136303196
2022-08-15,57.02605347274777
2022-08-16,56.27379107998897
2022-08-17,57.44804345756744
2022-08-18,55.88240731142631
2022-08-19,69.34096014583797
2022-08-20,67.76314650047769
2022-08-21,66.87383822095434
2022-08-22,64.69766136070352
2022-08-23,62.262867331582356
2022-08-24,60.4433519280027
2022-08-25,58.91943453905649
2022-08-26,65.93038589355712
2022-08-27,64.50069523541251
2022-08-28,64.75348329917988
2022-08-29,66.80506236989628
2022-08-30,67.40053957329047
2022-08-31,65.81478184622598
2022-09-01,62.94396294972029
2022-09-02,61.31352309304805
2022-09-03,59.67665265701929
2022-09-04,57.92527367552341
2022-09-05,56.83372098913735
2022-09-06,61.99557271326153
2022-09-07,62.60968084138901
2022-09-08,59.70848037131623
2022-09-09,72.82383785895435
2022-09-10,70.99450010766674
2022-09-11,67.74369631399813
2022-09-12,68.45358507162868
2022-09-13,79.60673421499703
2022-09-14,75.8796808035128
2022-09-15,76.04528899888291
2022-09-16,72.31319185581229
2022-09-17,71.14617353056721
2022-09-18,72.9911772035736
2022-09-19,69.94910618416863
2022-09-20,71.62243998335347
2022-09-21,70.8455711639795
2022-09-22,74.24457713627724
2022-09-23,71.42910599796403
2022-09-24,70.74465556174522
2022-09-25,68.38271438229403
2022-09-26,68.22333754337403
2022-09-27,65.87214053086345
2022-09-28,65.00240469266839
2022-09-29,62.780360930004385
2022-09-30,61.07344158588149
2022-10-01,59.34648864752537
2022-10-02,58.911482625712296
2022-10-03,60.768813315509895
2022-10-04,63.3915308825899
2022-10-05,61.850584977460755
2022-10-06,60.66085045333806
2022-10-07,61.113022932482835
2022-10-08,59.45811613028927
2022-10-09,56.72926230201229
2022-10-10,56.77584170803926
2022-10-11,55.17860756849257
2022-10-12,53.435321734936636
2022-10-13,52.814710491638934
2022-10-14,52.351630378093994
2022-10-15,51.32565432396795
2022-10-16,50.6765362947012
2022-10-17,50.73539727903973
2022-10-18,50.57265414432757
2022-10-19,50.27559985747454
2022-10-20,49.16860534399063
2022-10-21,48.01491906343098
2022-10-22,46.259232112621994
2022-10-23,47.303783193321046
2022-10-24,47.45487945477073
2022-10-25,51.52449500766682
2022-10-26,54.462588875761895
2022-10-27,55.84567106092234
2022-10-28,55.580849660721356
2022-10-29,54.639833195242595
2022-10-30,53.82193259615829
2022-10-31,52.77056489632532
2022-11-01,50.87402155621602
2022-11-02,51.42528944197582
2022-11-03,49.49721616349884
2022-11-04,54.56549581684032
2022-11-05,53.00498641708116
2022-11-06,53.51012139789392
2022-11-07,53.78370368918558
2022-11-08,67.3227773668165
2022-11-09,87.08713536990214
2022-11-10,98.18630690121391
2022-11-11,97.27835611827015
2022-11-12,93.7782862105081
2022-11-13,92.48250097912614
2022-11-14,89.41538517521076
2022-11-15,86.56957793458302
2022-11-16,83.77304465034449
2022-11-17,79.14441790449939
2022-11-18,74.9578463148042
2022-11-19,71.07732226169338
2022-11-20,71.39313646310092
2022-11-21,72.57433557055369
2022-11-22,72.56509242157927
2022-11-23,72.63537606622718
2022-11-24,69.11933600941232
2022-11-25,66.56856293408252
2022-11-26,64.0015379766101
2022-11-27,61.30167249116907
2022-11-28,60.70111595870887
2022-11-29,59.85339408309364
2022-11-30,63.72497689447298
2022-12-01,62.616249057247394
2022-12-02,60.52766189207082
2022-12-03,59.50066555593594
2022-12-04,58.608774613281845
2022-12-05,57.5164907806458
2022-12-06,55.77395989567608
2022-12-07,55.663711340646294
2022-12-08,56.60695136161475
2022-12-09,55.18925413131845
2022-12-10,53.06042226481692
2022-12-11,51.27672454355933
2022-12-12,49.91306774950754
2022-12-13,52.95655332586559
2022-12-14,50.813807474746795
2022-12-15,52.78946791275796
2022-12-16,57.055516850705885
2022-12-17,55.684646687820205
2022-12-18,53.804909545230885
2022-12-19,54.58551405885701
2022-12-20,56.47399693201527
2022-12-21,54.982129274871056
2022-12-22,52.719161493597184
2022-12-23,51.04467003061702
2022-12-24,49.2301112958143
2022-12-25,47.59347506682879
2022-12-26,46.3107143201115
2022-12-27,46.64040310893297
2022-12-28,46.62508962170578
2022-12-29,45.547878575302214
2022-12-30,44.510771723569135
2022-12-31,43.69500041747614
2023-01-01,42.736923735141076
2023-01-02,41.71671657752481
2023-01-03,40.71067407178139
2023-01-04,40.992184483130416
2023-01-05,40.20073981106246
2023-01-06,39.86630143511797
2023-01-07,38.90575386827984
2023-01-08,38.8628166733373
2023-01-09,38.52872624134793
2023-01-10,39.54237899049082
2023-01-11,42.58326385612758
2023-01-12,49.08205946019463
2023-01-13,55.51222289662985
2023-01-14,61.192017950046754
2023-01-15,59.2165754928892
2023-01-16,58.45598950547327
2023-01-17,56.0826226099281
2023-01-18,57.18513544372776
2023-01-19,57.43745018801924
2023-01-20,66.23533175913154
2023-01-21,63.42575541435667
2023-01-22,60.96752245518379
2023-01-23,59.36920826151984
2023-01-24,58.79973444450514
2023-01-25,59.23956698397979
2023-01-26,57.29175295408095
2023-01-27,54.81022490968952
2023-01-28,52.979290682472254
2023-01-29,55.60126650869172
2023-01-30,59.33139947996351
2023-01-31,58.44570021232065
2023-02-01,59.537367130445745
2023-02-02,58.599048752158176
2023-02-03,56.299623077290924
2023-02-04,54.785973187470084
2023-02-05,55.05543261059918
2023-02-06,54.16449390171627
2023-02-07,55.115988088414994
2023-02-08,55.034862471781665
2023-02-09,60.28605864555154
2023-02-10,58.85087088744192
2023-02-11,57.5380122626836
2023-02-12,55.741980751312674
2023-02-13,53.395411173532345
2023-02-14,53.903659266339105
2023-02-15,65.71500271630454
2023-02-16,66.92428904384464
2023-02-17,69.59512833276672
2023-02-18,66.29601220297448
2023-02-19,65.12932485226767
2023-02-20,64.95764138575275
2023-02-21,64.36261971068159
2023-02-22,62.96270940411571
2023-02-23,61.652952702734325
2023-02-24,63.66757693355962
2023-02-25,60.96306314972769
2023-02-26,60.50491594104993
2023-02-27,58.15077674032568
2023-02-28,58.12541481354031
2023-03-01,58.66643446060033
2023-03-02,57.293389816211814
2023-03-03,62.139346653817356
2023-03-04,59.47446151322795
2023-03-05,57.084888543205736
2023-03-06,54.803162790772625
2023-03-07,54.05836249371656
2023-03-08,55.36000604280066
2023-03-09,62.70763208403623
2023-03-10,61.21752381250847
2023-03-11,61.585535991092314
2023-03-12,69.87685447966297
2023-03-13,80.08493850493905
2023-03-14,79.03041638716232
2023-03-15,77.17270493149135
2023-03-16,77.14672179206985
2023-03-17,87.19233432063515
2023-03-18,84.93992496140457
2023-03-19,86.14536947362252
2023-03-20,82.9248483477304
2023-03-21,80.39441699256079
2023-03-22,80.82813545407161
2023-03-23,82.02758552108993
2023-03-24,82.15452687482636
2023-03-25,77.80886920071448
2023-03-26,76.23357741367379
2023-03-27,76.9568026502086
2023-03-28,73.32667700080417
2023-03-29,75.44167950470292
2023-03-30,73.29610768705841
2023-03-31,71.7228282321762
2023-04-01,68.57537366021326
2023-04-02,66.43693307427007
2023-04-03,65.52564740532495
2023-04-04,64.2200462749108
2023-04-05,61.27398280204335
2023-04-06,59.32124123688053
2023-04-07,57.44663707103709
2023-04-08,54.98170901189628
2023-04-09,54.55455691720135
2023-04-10,59.247882729875066
2023-04-11,59.395486436020136
2023-04-12,57.36016622779301
2023-04-13,55.92684434422969
2023-04-14,53.691408862013255
2023-04-15,52.458355231652845
2023-04-16,50.526480044493084
2023-04-17,53.04297610332098
2023-04-18,55.670226805425585
2023-04-19,61.332695092941655
2023-04-20,61.660273473578386
2023-04-21,64.13558254645586
2023-04-22,63.919273528117806
2023-04-23,62.25649599702385
2023-04-24,59.874911037736254
2023-04-25,61.34306021039292
2023-04-26,58.86517611981545
2023-04-27,61.738719248477636
2023-04-28,59.71592721481106
2023-04-29,57.64777376956312
2023-04-30,55.180073544751444
2023-05-01,59.08550082895784
2023-05-02,59.45538134826707
2023-05-03,58.28534422949859
2023-05-04,56.6799168465296
2023-05-05,57.68674371343633
2023-05-06,58.50641018947194
2023-05-07,58.39113851881446
2023-05-08,59.97403566742334
2023-05-09,57.61145650496532
2023-05-10,55.44747666048829
2023-05-11,56.62254006512406
2023-05-12,55.41651258119105
2023-05-13,53.346588161901295
2023-05-14,51.73596059549731
2023-05-15,50.93010550062609
2023-05-16,49.95710710279849
2023-05-17,49.87302841211426
2023-05-18,51.224555322989836
2023-05-19,49.25756273038162
2023-05-20,48.52057284759636
2023-05-21,48.95322911690353
2023-05-22,47.40543080636588
2023-05-23,47.61351764076473
2023-05-24,50.977090698855704
2023-05-25,49.54085989410981
2023-05-26,48.82478367711425
2023-05-27,47.59518424314988
2023-05-28,52.65327709667597
2023-05-29,52.49050369499848
2023-05-30,50.77296718448392
2023-05-31,51.561227816173826
2023-06-01,51.874091612350725
2023-06-02,52.04867081735841
2023-06-03,51.08441128773619
2023-06-04,49.04328326272253
2023-06-05,54.97465820878925
2023-06-06,61.27636121875671
2023-06-07,63.54808905773015
2023-06-08,61.22497657735446
2023-06-09,58.72741003346896
2023-06-10,59.831816762633615
2023-06-11,57.375957684488625
2023-06-12,55.24777338409517
2023-06-13,52.983368933422874
2023-06-14,55.5958871915299
2023-06-15,55.77873845775314
2023-06-16,57.72354361723071
2023-06-17,55.99658589270459
2023-06-18,54.74105924205766
2023-06-19,55.23868662855954
2023-06-20,61.153904025166035
2023-06-21,67.35089825075417
2023-06-22,64.77231835508411
2023-06-23,65.49841397485463
2023-06-24,63.21027204401924
2023-06-25,60.72913930727905
2023-06-26,59.13434141071197
2023-06-27,58.37156618550514
2023-06-28,58.87805544413193
2023-06-29,57.84563638234989
2023-06-30,55.3098264805313
2023-07-01,53.25972767187242
2023-07-02,51.09969696527279
2023-07-03,51.56835219882298
2023-07-04,51.50228235545633
2023-07-05,50.90334385510664
2023-07-06,52.04235651421443
2023-07-07,51.9604961993715
2023-07-08,50.29595878280711
2023-07-09,49.11631297025055
2023-07-10,48.25715578357768
2023-07-11,47.2653426842839
2023-07-12,46.84795163990022
2023-07-13,50.48869431003031
2023-07-14,54.16581140715236
2023-07-15,52.26782051191913
2023-07-16,50.56399568697751
2023-07-17,49.274979627755776
2023-07-18,49.01041143667211
2023-07-19,47.18384157653628
2023-07-20,46.26526254087467
2023-07-21,44.977724298235344
2023-07-22,44.311525879593475
2023-07-23,44.22574936458048
2023-07-24,47.47207481519137
2023-07-25,45.73885869492163
2023-07-26,44.564809152890255
2023-07-27,43.981856936540865
2023-07-28,42.846046839081836
2023-07-29,41.482814978379984
2023-07-30,40.83097136147931
2023-07-31,40.04840084427921
2023-08-01,41.05344550069569
2023-08-02,42.658191101103135
2023-08-03,41.36449305370526
2023-08-04,40.84154014998464
2023-08-05,39.99229835287042
2023-08-06,39.05011531660009
2023-08-07,38.479996787278765
2023-08-08,40.36459572568581
2023-08-09,40.40818505089408
2023-08-10,40.09254125806728
2023-08-11,39.30119213231431
2023-08-12,38.321479093331455
2023-08-13,38.18291401001148
2023-08-14,37.6047220536394
2023-08-15,38.055680806036406
2023-08-16,39.66307342757574
2023-08-17,49.635073936509535
2023-08-18,51.366329322478975
2023-08-19,49.32928559001596
2023-08-20,47.740984788164916
2023-08-21,46.54362089483423
2023-08-22,45.597139575990774
2023-08-23,46.17434310946524
2023-08-24,46.247505780733356
2023-08-25,45.45021367590366
2023-08-26,44.29001342581315
2023-08-27,43.034984318146904
2023-08-28,41.753190390435925
2023-08-29,49.827682368001476
2023-08-30,50.40460148466516
2023-08-31,56.21436834453353
2023-09-01,54.7123890928478
2023-09-02,52.5410566974526
2023-09-03,50.744635314877826
2023-09-04,49.8331235471176
2023-09-05,48.283237702247256
2023-09-06,46.82569898076324
2023-09-07,47.8604152674038
2023-09-08,48.181130938808444
2023-09-09,46.63525897359319
2023-09-10,45.519714647083916
2023-09-11,48.01529287091713
2023-09-12,50.1638304685685
2023-09-13,50.36145797458485
2023-09-14,50.004422317021124
2023-09-24,50.06067618298037
2023-09-25,48.096166464375955
2023-09-26,46.95770686666032
2023-09-27,45.81300949601677
2023-09-28,47.94048608519727
2023-09-29,46.95937050801658
2023-09-30,45.324533551781414
2023-10-01,49.39411686804029
2023-10-02,50.10723271330451
2023-10-03,48.89186953904401
2023-10-04,48.90501558815436
2023-10-05,49.29833407159856
2023-10-06,50.204223927571746
2023-10-07,48.3208406646263
2023-10-08,46.88533114560396
2023-10-09,47.259146222846454
2023-10-10,46.76717024795474
2023-10-11,48.10029210720168
2023-10-12,47.146644263885754
2023-10-13,45.792546773560744
2023-10-14,44.38568615140467
2023-10-15,44.386754998132496
2023-10-16,50.429085439931185
2023-10-17,49.184124855001016
2023-10-18,47.95617420027462
2023-10-19,48.09999854945081
2023-10-20,51.30877616902441
2023-10-21,50.25262288857797
2023-10-22,48.42194893584148
2023-10-23,62.008859179153866
2023-10-24,62.717348454764725
2023-10-25,62.28878312730963
2023-10-26,61.04155152446688
2023-10-27,59.47607836384042
2023-10-28,57.34489836196709
2023-10-29,56.63034214450658
2023-10-30,54.50200451500188
2023-10-31,52.69068975343649
2023-11-01,53.767655602980675
2023-11-02,53.812523562126216
2023-11-03,52.630575774400974
2023-11-04,51.8068857016839
2023-11-05,50.05065042418474
2023-11-06,48.347876022931445
2023-11-07,48.10911897830431
2023-11-08,46.99978006657772
2023-11-09,49.61135506594752
2023-11-10,50.10973814067273
2023-11-11,49.050558340922606
2023-11-12,47.71075468650263
2023-11-13,48.366296038907436
2023-11-14,50.709973236432894
2023-11-15,58.6377796223644
2023-11-16,63.089657620699576
2023-11-17,61.76345592692192
2023-11-18,59.11149671033294
2023-11-19,59.623694283929275
2023-11-20,57.021873313674554
2023-11-21,61.42087343002404
2023-11-22,65.34860460919552
2023-11-23,62.928606164442726
2023-11-24,61.50901570234572
2023-11-25,58.69327785998924
2023-11-26,57.4924321842032
2023-11-27,56.03033495987765
2023-11-28,55.78655577909481
2023-11-29,53.46430263982475
2023-11-30,52.00659906792107
2023-12-01,53.71330463760708
2023-12-02,54.4203681605379
2023-12-03,53.870232059463554
2023-12-04,59.149402792070894
2023-12-05,63.99854768884458
2023-12-06,62.24786121311309
2023-12-07,61.054704667901646
2023-12-08,61.144083068987726
2023-12-09,59.98051049907306
2023-12-10,57.246135850453804
2023-12-11,63.73851516188672
2023-12-12,61.21691791520959
2023-12-13,63.557656310337904
2023-12-14,60.7487065743826
2023-12-15,61.94423202383368
2023-12-16,59.94770559103533
2023-12-17,60.495095311837666
2023-12-18,62.225808160053305
2023-12-19,60.72226940242458
2023-12-20,62.78370071855387
2023-12-21,60.333366409960085
2023-12-22,57.75670525062877
2023-12-23,56.2539885393979
2023-12-24,56.46785307162028
2023-12-25,55.935897469939654
2023-12-26,57.46163081796684
2023-12-27,58.076150277347715
2023-12-28,58.477685292971394
2023-12-29,57.89084744882652
2023-12-30,55.3044184654989
2023-12-31,53.074296263653224
2024-01-01,57.645296533486594
2024-01-02,57.650889444473336
2024-01-03,62.394487816929
2024-01-04,64.07253923080641
2024-01-05,61.24798852964732
2024-01-06,59.175328563381214
2024-01-07,56.84242543955607
2024-01-08,64.72023794883226
2024-01-09,64.42519814347959
2024-01-10,62.73164775993658
2024-01-11,60.78179178576674
2024-01-12,69.82536440571691
2024-01-13,66.51719326132113
2024-01-14,67.09435264211744
2024-01-15,66.2171748876302
2024-01-16,65.096408686253
2024-01-17,63.55153809553485
2024-01-18,65.92531734494045
2024-01-19,63.80385937085815
2024-01-20,60.77567723938091
2024-01-21,58.5847309138973
2024-01-22,63.5850293624662
2024-01-23,61.63991976071896
2024-01-24,59.41538170777697
2024-01-25,57.437736801508194
2024-01-26,61.98565904664692
2024-01-27,59.96175637257192
2024-01-28,57.70734219697041
2024-01-29,59.56422367532134
2024-01-30,58.19616139059597
2024-01-31,57.06658997800339
2024-02-01,56.124057857397865
2024-02-02,53.82587808846968
2024-02-03,52.433137615690015
2024-02-04,51.90058372742631
2024-02-05,49.816143476392334
2024-02-06,49.205279956466974
2024-02-07,51.56524504682994
2024-02-08,52.731668734894285
2024-02-09,56.67719445813736
2024-02-10,56.02717242516778
2024-02-11,55.06708556633782
2024-02-12,57.85801568234103
2024-02-13,56.11629857395935
2024-02-14,59.96724016188355
2024-02-15,57.29634012369155
2024-02-16,55.17627960811991
2024-02-17,54.42686274404848
2024-02-18,53.27213728071315
2024-02-19,52.2370717147834
2024-02-20,51.39662126901213
2024-02-21,50.8010677635125
2024-02-22,50.51933448287487
2024-02-23,50.38943885530136
2024-02-24,50.76564162360146
2024-02-25,48.992563526193955
2024-02-26,55.24816211955853
2024-02-27,59.949946492496174
2024-02-28,71.42229913672784
2024-02-29,71.07235263462199
2024-03-01,70.37275409407319
2024-03-02,67.95951091585638
2024-03-03,67.2033332563356
2024-03-04,76.15455405509358
2024-03-05,82.44307015316005
2024-03-06,83.28845332507522
2024-03-07,80.36152360393208
2024-03-08,78.95173259870093
2024-03-09,74.87224708438441
2024-03-10,71.8670337725734
2024-03-11,74.92035707883383
2024-03-12,72.4884519579992
2024-03-13,72.00570241456518
2024-03-14,71.93861222630319
2024-03-15,72.609987692606
2024-03-16,78.02059652273094
2024-03-17,80.90113550908289
2024-03-18,78.49630527207579
2024-03-19,87.33803569208786
2024-03-20,96.895386553286
2024-03-21,96.74216241850883
2024-03-22,95.14885547348123
2024-03-23,90.00941130808987
2024-03-24,92.2944793558899
2024-03-25,93.02162436446054
2024-03-26,87.74736915937744
2024-03-27,84.08866913391776
2024-03-28,82.06988297747283
2024-03-29,79.53097303617432
2024-03-30,75.92889997005919
2024-03-31,75.45442389368682
2024-04-01,75.0778136680339
2024-04-02,80.62594487879153
2024-04-03,77.24502214575949
2024-04-04,78.84418242012387
2024-04-05,76.22886226957249
2024-04-06,74.37731521226542
2024-04-07,71.27963769473631
2024-04-08,72.49446803347507
2024-04-09,74.17190270325014
2024-04-10,73.32559822305049
2024-04-11,70.80732595346782
2024-04-12,73.55757290252937
2024-04-13,77.53184545204915
2024-04-14,77.83006307522344
2024-04-15,79.13668559761908
2024-04-16,75.5463389196928
2024-04-17,77.73618328990904
2024-04-18,79.01505979992287
2024-04-19,75.29605985272623
2024-04-20,73.9002944730404
2024-04-21,70.38118489949595
2024-04-22,71.16092249189741
2024-04-23,68.663496469959
2024-04-24,70.23413388461277
2024-04-25,66.90041635683556
2024-04-26,65.46605996481776
2024-04-27,63.253563605861096
2024-04-28,61.1523981765214
2024-04-29,59.87328672248524
2024-04-30,64.94521345760785
2024-05-01,67.92203962813498
2024-05-02,66.63255511853447
2024-05-03,72.94478613762149
2024-05-04,71.40856483289272
2024-05-05,67.82092669917095
2024-05-06,66.65831626193653
2024-05-07,65.51751039697504
2024-05-08,65.26544720165224
2024-05-09,66.61172619814741
2024-05-10,68.91699025519532
2024-05-11,65.64245231517889
2024-05-12,63.88114268253873
2024-05-13,64.2837628196727
2024-05-14,64.59011904681752
2024-05-15,72.99099596283946
2024-05-16,71.72101777758255
2024-05-17,72.1555258843345
2024-05-18,68.86772585170783
2024-05-19,67.07032171438246
2024-05-20,75.47992637332376
2024-05-21,74.41971497111533
2024-05-22,72.8587315013998
2024-05-23,71.84356699833113
2024-05-24,69.2686789560833
2024-05-25,67.21978461229014
2024-05-26,65.6896981676897
2024-05-27,64.24390288037556
2024-05-28,63.707470288037094
2024-05-29,62.41800631060741
2024-05-30,61.05455845559044
2024-05-31,60.31736531465543
2024-06-01,57.783152071343714
2024-06-02,55.30972763723815
2024-06-03,55.133199962060715
2024-06-04,56.54817402165428
2024-06-05,54.96972191978229
2024-06-06,53.49948123885652
2024-06-07,54.45525400376072
2024-06-08,52.4258269754821
2024-06-09,50.80445928820942
2024-06-10,49.27888585270726
2024-06-11,52.30087315736603
2024-06-12,52.04507623664014
2024-06-13,53.38469534236281
2024-06-14,53.0234507093679
2024-06-15,51.00194133485285
2024-06-16,49.78599262006419
2024-06-17,48.384454732103976
2024-06-18,49.798062593576745
2024-06-19,48.47531844251471
2024-06-20,47.14881416622288
2024-06-21,47.30963009716494
2024-06-22,45.702629066563915
2024-06-23,46.78723316618298
2024-06-24,52.25429734038209
2024-06-25,53.85644684071042
2024-06-26,54.19315577425036
2024-06-27,53.71350656685937
2024-06-28,54.782090783062614
2024-06-29,53.67928089358442
2024-06-30,55.800538588023684
2024-07-01,53.56272786477707
2024-07-02,53.47597668292666
2024-07-03,55.93759177862914
2024-07-04,61.782565620565904
2024-07-05,59.90547611547877
2024-07-06,61.45568699488681
2024-07-07,65.14521746247351
2024-07-08,64.14256573469126
2024-07-09,64.42294888562586
2024-07-10,62.1941196013141
2024-07-11,60.48498771602443
2024-07-12,58.965220175034176
2024-07-13,59.66482889165575
2024-07-14,60.8152124267404
2024-07-15,68.1135245215283
2024-07-16,65.00034484816078
2024-07-17,64.283100305379
2024-07-18,61.718117342040536
2024-07-19,65.25104313615778
2024-07-20,62.89250458269794
2024-07-21,61.980947312036896
2024-07-22,60.50765201754344
2024-07-23,61.58501096045146
2024-07-24,60.154600378113884
2024-07-25,58.11096342325227
2024-07-26,60.34673143615609
2024-07-27,57.9796144559338
2024-07-28,56.1632993990352
2024-07-29,57.062522462311364
2024-07-30,56.120915823500205
2024-07-31,57.45559946618891
2024-08-01,56.456984242301225
2024-08-02,63.38980278684863
2024-08-03,62.34317383951213
2024-08-04,65.98324127611082
2024-08-05,73.8373919932188
2024-08-06,75.6373609091177
2024-08-07,74.50577108703763
2024-08-08,88.62693876346636
2024-08-09,85.77065919419569
2024-08-10,80.98199667083966
2024-08-11,82.24229756054756
2024-08-12,79.1517744549455
2024-08-13,77.93413194511665
2024-08-14,78.57677672603808
2024-08-15,77.52103904161824
2024-08-16,76.752039994672
2024-08-17,73.9638124841187
2024-08-18,72.78035106772505
2024-08-19,71.46697732511277
2024-08-20,69.18918779749568
2024-08-21,71.17954061384357
2024-08-22,69.65553516214587
2024-08-23,75.39048087896992
2024-08-24,71.40186494889606
2024-08-25,67.85017946965486
2024-08-26,68.04222483018675
2024-08-27,73.00345120145636
2024-08-28,70.59134077332196
2024-08-29,67.69340235194515
2024-08-30,65.19034418059663
2024-08-31,62.59278411553284
2024-09-01,64.01256802641092
2024-09-02,65.57462433514145
2024-09-03,66.83948511421009
2024-09-04,64.7671637268429
2024-09-05,66.52317699814401
2024-09-06,69.38611649886953
2024-09-07,66.17683670084566
2024-09-08,64.71903235526234
2024-09-09,67.54174150480605
2024-09-10,65.6694639217366
2024-09-11,63.44461347790432
2024-09-12,62.31791278840126
2024-09-13,65.6925480244235
2024-09-14,64.0688563542101
2024-09-15,63.227693630666145
2024-09-16,62.909284690743945
2024-09-17,65.36203761703354
2024-09-18,65.4254659555352
2024-09-19,65.28042512930107
2024-09-20,62.47693591357379
2024-09-21,59.76902447329543
2024-09-22,57.40807013357112
2024-09-23,55.80529166648222
2024-09-24,55.558376118819126
2024-09-25,56.0513168171131
2024-09-26,58.42479982929894
2024-09-27,57.02068610419318
2024-09-28,54.4883150363052
2024-09-29,52.945222026337554
2024-09-30,56.248124307048215
2024-10-01,59.93447002245871
2024-10-02,57.88269849403092
2024-10-03,55.368454511163606
2024-10-04,56.12560121698952
2024-10-05,53.82961739441184
2024-10-06,53.17289734051726
2024-10-07,52.54551548863046
2024-10-08,50.84030231605575
2024-10-09,52.75951675377591
2024-10-10,51.54094277545929
2024-10-11,54.85486664950604
2024-10-12,54.15291570276478
2024-10-13,52.871075207909556
2024-10-14,58.3463246255252
2024-10-15,57.849854194800415
2024-10-16,56.361131529897875
2024-10-17,54.56613500550886
2024-10-18,54.382350580261765
2024-10-19,52.40147769349169
2024-10-20,51.48129006152404
2024-10-21,53.15693990523289
2024-10-22,51.16765163840805
2024-10-23,51.37877418411685
2024-10-24,53.15851738238434
2024-10-25,54.48747007813515
2024-10-26,52.80315086167062
2024-10-27,52.529796476356566
2024-10-28,54.69886616945053
2024-10-29,58.408323999130076
2024-10-30,56.75892899994493
2024-10-31,58.87385856298038
2024-11-01,57.961657871937895
2024-11-02,55.983204487181226
2024-11-03,54.9269395661115
2024-11-04,54.79475811824873
2024-11-05,55.80123438095797
2024-11-06,66.96450495827108
2024-11-07,63.94615099996806
2024-11-08,61.95291897175126
2024-11-09,59.26405217658487
2024-11-10,63.81355806138088
2024-11-11,76.03619773153383
2024-11-12,73.43935776212835
2024-11-13,74.0425161295382
2024-11-14,75.90341986658959
2024-11-15,78.44167682801422
2024-11-16,75.22917556090722
2024-11-17,72.61718806142163
2024-11-18,69.81742861090824
2024-11-19,69.15530503618088
2024-11-20,68.8154481957869
2024-11-21,71.98864342068795
2024-11-22,68.80284275441966
2024-11-23,67.37432694858308
2024-11-24,64.14865417435284
2024-11-25,68.86380446465344
2024-11-26,67.38095966054784
2024-11-27,70.52975403062582
2024-11-28,67.60629780127543
2024-11-29,66.96863475580234
2024-11-30,65.39771583867122
2024-12-01,63.31509030463609
2024-12-02,62.66014719657874
2024-12-03,59.680617695613556
2024-12-04,61.22591950989014
2024-12-05,61.86613953394281
2024-12-06,64.10702022333795
2024-12-07,61.2181145302578
2024-12-08,60.18675303907486
2024-12-09,63.28083887788156
2024-12-10,61.61637252858257
2024-12-11,65.73146308617676
2024-12-12,64.37690171848638
2024-12-13,63.25189491171407
2024-12-14,60.56156013072765
2024-12-15,62.04297659398856
2024-12-16,61.489744041894284
2024-12-17,58.660848855688634
2024-12-18,64.96693466367505
2024-12-19,65.8323534664059
2024-12-20,62.778426694978876
2024-12-21,60.80625044871612
2024-12-22,61.447322391033175
2024-12-23,59.42899594616255
2024-12-24,63.04951570356994
2024-12-25,60.791523052939716
2024-12-26,63.486260073850616
2024-12-27,63.19049528291864
2024-12-28,61.60144143142574
2024-12-29,61.47923890693342
2024-12-30,60.21512333866536
2024-12-31,58.529295550771096
2025-01-01,57.314308878379464
2025-01-02,58.63250534783816
2025-01-03,57.724289526054626
2025-01-04,55.15909828809408
2025-01-05,52.87597520022788
2025-01-06,56.431154834141765
2025-01-07,61.82896047991526
2025-01-08,62.0230719486087
2025-01-09,63.343347990672726
2025-01-10,63.8406601534249
2025-01-11,61.18785206694802
2025-01-12,58.66013714326821
2025-01-13,56.16968476944928
2025-01-14,56.833704099436076
2025-01-15,60.508662107463316
2025-01-16,59.01758931990958
2025-01-17,63.44005675536483
2025-01-18,60.68516355817279
2025-01-19,62.8527723933039
2025-01-20,61.06328818847332
2025-01-21,64.29792619520511
2025-01-22,64.91292151740976
2025-01-23,61.97201070258844
2025-01-24,60.11016058352744
2025-01-25,57.694921864027656
2025-01-26,58.22459071489412
2025-01-27,56.67240033482163
2025-01-28,55.48412230442932
2025-01-29,56.52358696260205
2025-01-30,55.36734267499176
2025-01-31,56.51378490581466
2025-02-01,56.78811352664481
2025-02-02,58.91738958417096
2025-02-03,61.95039898059467
2025-02-04,64.4847333875099
2025-02-05,63.48018830812295
2025-02-06,60.679542841986
2025-02-07,58.16881623665179
2025-02-08,55.83334295841629
2025-02-09,53.58738968617811
2025-02-10,52.62992850409746
2025-02-11,53.25687425604219
2025-02-12,54.30989018277383
2025-02-13,54.13283466962666
2025-02-14,53.043747642895774
2025-02-15,50.94118834699776
2025-02-16,51.26164202084038
2025-02-17,50.02975149265662
2025-02-18,48.63962874952455
2025-02-19,48.35831666622283
2025-02-20,49.060373651326486
2025-02-21,50.746176425618955
2025-02-22,49.22293009476436
2025-02-23,48.00224726079551
2025-02-24,54.06814430042615
2025-02-25,56.395335835071165
2025-02-26,61.63389694448951
2025-02-27,59.15944025506086
2025-02-28,57.25221477274543
2025-03-01,57.565486293364984
2025-03-02,69.3128218353748
2025-03-03,79.44143075647203
2025-03-04,76.99034415182093
2025-03-05,78.71487621610152
2025-03-06,75.73789270821172
2025-03-07,77.30574376632298
2025-03-08,74.36422396092178
2025-03-09,80.50828833455897
2025-03-10,80.14902758585768
2025-03-11,84.08180610341788
2025-03-12,80.77456196392798
2025-03-13,81.31505036186738
2025-03-14,82.1996395384157
2025-03-15,78.10431176664075
2025-03-16,77.21743243372762
2025-03-17,75.68100711011692
2025-03-18,74.27113519401247
2025-03-19,77.89687644774254
2025-03-20,78.5495628138844
2025-03-21,74.7197604843731
2025-03-22,71.35167900438925
2025-03-23,71.59805132520363
2025-03-24,70.3053290263552
2025-03-25,66.96729067477341
2025-03-26,64.82032184588594
2025-03-27,61.92122373824801
2025-03-28,64.08248649762051
2025-03-29,64.31004207390576
2025-03-30,61.88047284179867
2025-03-31,59.126538103838044
2025-04-01,61.17009839681815
2025-04-02,63.256488572431145
2025-04-03,61.166936210011954
2025-04-04,59.472932711317
2025-04-05,57.56022171579071
2025-04-06,64.88226599325976
2025-04-07,63.542518831570725
2025-04-08,66.3404891620229
2025-04-09,75.4924585983989
2025-04-10,77.06727242035319
2025-04-11,80.08072377254818
2025-04-12,79.01070667777354
2025-04-13,77.73057138364301
2025-04-14,74.91335914082109
2025-04-15,72.69422412773555
2025-04-16,69.34935140327923
2025-04-17,67.20858587328989
2025-04-18,64.85105912580231
2025-04-19,62.59706326546473
2025-04-20,59.64092705652093
2025-04-21,60.98924692863923
2025-04-22,68.35122000639998
2025-04-23,65.10003728565086
2025-04-24,62.08809637711725
2025-04-25,60.21721029811562
2025-04-26,57.76027567364657
2025-04-27,56.78686198623248
2025-04-28,56.09924304331867
2025-04-29,54.94352350047014
2025-04-30,52.91783244505102
